x,y
USC00010008,AL,316, 51
USC00010140,AL,298, 56
USC00010160,AL,310, 62
USC00010184,AL,291, 64
USC00010505,AL,299, 66
USC00010583,AL,295, 46
USC00010764,AL,301, 66
USC00011080,AL,301, 48
USC00011084,AL,301, 47
USC00011620,AL,307, 65
USC00011810,AL,292, 53
USC00012245,AL,294, 59
USC00012758,AL,302, 50
USC00012813,AL,295, 43
USC00013160,AL,292, 61
USC00013251,AL,311, 47
USC00013511,AL,297, 60
USC00013519,AL,305, 53
USC00013645,AL,294, 71
USC00013761,AL,315, 49
USC00013775,AL,313, 68
USC00013930,AL,298, 65
USC00014274,AL,303, 57
USC00015121,AL,300, 58
USC00015420,AL,298, 55
USC00015635,AL,299, 74
USC00016246,AL,304, 68
USC00016436,AL,302, 54
USC00016478,AL,304, 68
USC00016847,AL,293, 66
USC00017366,AL,301, 58
USC00017999,AL,308, 64
USC00018038,AL,308, 58
USC00018178,AL,296, 54
USC00018380,AL,297, 64
USC00018385,AL,297, 64
USC00018438,AL,312, 55
USC00018469,AL,313, 75
USC00018673,AL,295, 61
USC00018809,AL,300, 63
USC00018859,AL,308, 59
USC00018998,AL,295, 70
USC00020100,AZ, 89, 72
USC00020808,AZ,119, 66
USC00020949,AZ, 85, 70
USC00020958,AZ,122, 57
USC00021050,AZ, 81, 80
USC00021314,AZ,105, 62
USC00021330,AZ,114, 57
USC00021920,AZ, 94, 94
USC00022109,AZ,100, 73
USC00022754,AZ,125, 60
USC00023150,AZ,118, 63
USC00023190,AZ,104, 67
USC00023393,AZ, 96, 62
USC00023448,AZ,107, 71
USC00024182,AZ,104, 70
USC00024702,AZ, 86, 65
USC00024829,AZ,100, 65
USC00025270,AZ,101, 63
USC00025412,AZ,119, 71
USC00025418,AZ,120, 51
USC00025635,AZ,103, 75
USC00025924,AZ,110, 50
USC00026119,AZ,112, 59
USC00026282,AZ,111, 51
USC00026471,AZ,101, 88
USC00026601,AZ,118, 71
USC00026796,AZ, 98, 75
USC00027036,AZ,114, 58
USC00027281,AZ,108, 68
USC00027334,AZ,122, 53
USC00027390,AZ,120, 61
USC00027530,AZ,112, 59
USC00027708,AZ,103, 78
USC00027716,AZ, 94, 81
USC00027855,AZ,117, 73
USC00028012,AZ,117, 75
USC00028214,AZ,105, 67
USC00028396,AZ, 86, 60
USC00028499,AZ,102, 66
USC00028598,AZ,100, 66
USC00028619,AZ,117, 52
USC00028796,AZ,110, 57
USC00028817,AZ,109, 57
USC00028904,AZ,101, 77
USC00029158,AZ, 95, 78
USC00029166,AZ, 97, 73
USC00029287,AZ, 96, 70
USC00029334,AZ,119, 57
USC00029359,AZ,100, 80
USC00029634,AZ, 99, 67
USC00029645,AZ, 84, 78
USC00030130,AR,255, 77
USC00030150,AR,250, 73
USC00030234,AR,268, 67
USC00030286,AR,245, 67
USC00030300,AR,246, 73
USC00030326,AR,267, 81
USC00030458,AR,263, 85
USC00030460,AR,264, 85
USC00030664,AR,246, 74
USC00030746,AR,269, 87
USC00030798,AR,248, 79
USC00030806,AR,278, 86
USC00030832,AR,246, 79
USC00030936,AR,268, 78
USC00031152,AR,255, 67
USC00031632,AR,273, 90
USC00031666,AR,242, 74
USC00031750,AR,258, 76
USC00031829,AR,258, 82
USC00031834,AR,250, 79
USC00031900,AR,252, 85
USC00031948,AR,243, 71
USC00031962,AR,266, 67
USC00032015,AR,245, 72
USC00032148,AR,265, 70
USC00032355,AR,267, 63
USC00032540,AR,258, 69
USC00032842,AR,249, 73
USC00032922,AR,248, 78
USC00032930,AR,242, 90
USC00033428,AR,249, 68
USC00033438,AR,248, 73
USC00033442,AR,243, 70
USC00033466,AR,253, 75
USC00033821,AR,277, 84
USC00033862,AR,262, 75
USC00034010,AR,258, 77
USC00034548,AR,252, 65
USC00034638,AR,271, 76
USC00034746,AR,262, 87
USC00034756,AR,244, 75
USC00034988,AR,249, 75
USC00035036,AR,258, 89
USC00035112,AR,247, 70
USC00035186,AR,267, 83
USC00035354,AR,242, 85
USC00035358,AR,247, 75
USC00035563,AR,274, 87
USC00035591,AR,246, 77
USC00035691,AR,255, 79
USC00035754,AR,261, 72
USC00035760,AR,246, 75
USC00035908,AR,250, 69
USC00036008,AR,246, 81
USC00036403,AR,263, 89
USC00036506,AR,264, 81
USC00036562,AR,258, 73
USC00036918,AR,265, 74
USC00036920,AR,266, 74
USC00036928,AR,248, 81
USC00037582,AR,261, 67
USC00040212,CA, 18,107
USC00040379,CA, 41, 95
USC00040521,CA, 61, 78
USC00040673,CA, 21, 95
USC00040983,CA, 66, 64
USC00041149,CA, 23,125
USC00041244,CA, 42, 82
USC00041253,CA, 38, 75
USC00041288,CA, 74, 60
USC00041316,CA, 15,129
USC00041428,CA, 31,104
USC00041497,CA, 29,120
USC00041614,CA, 36,131
USC00041864,CA, 35, 88
USC00041907,CA, 20,122
USC00041912,CA, 30,111
USC00041916,CA, 28,113
USC00041990,CA, 19,134
USC00042012,CA, 41, 87
USC00042081,CA, 12,117
USC00042239,CA, 65, 62
USC00042294,CA, 23,107
USC00042319,CA, 63, 90
USC00042346,CA, 43, 85
USC00042500,CA, 31,115
USC00042504,CA, 37,119
USC00042506,CA, 37,118
USC00042598,CA, 74, 69
USC00042713,CA, 73, 61
USC00042771,CA, 56, 75
USC00042920,CA, 35, 99
USC00042934,CA, 21,105
USC00043038,CA, 32,107
USC00043261,CA, 40, 94
USC00043357,CA,  6,133
USC00043463,CA, 48, 84
USC00043491,CA, 31,112
USC00043573,CA, 29,112
USC00043578,CA, 15,106
USC00043710,CA, 54, 88
USC00043747,CA, 40, 89
USC00043800,CA, 27,112
USC00043855,CA, 72, 68
USC00043875,CA, 15,107
USC00043896,CA, 62, 68
USC00043914,CA, 63, 64
USC00043939,CA, 39,102
USC00044223,CA, 73, 61
USC00044232,CA, 52, 93
USC00044297,CA, 77, 72
USC00044422,CA, 41, 74
USC00044500,CA, 17,102
USC00044555,CA, 28, 88
USC00044710,CA, 62, 61
USC00044712,CA, 21,106
USC00044890,CA, 45, 90
USC00044957,CA, 45, 88
USC00044997,CA, 23,100
USC00045064,CA, 34, 76
USC00045118,CA, 31, 95
USC00045119,CA, 30, 94
USC00045360,CA, 21,106
USC00045378,CA, 21,103
USC00045795,CA, 22, 91
USC00045915,CA, 22,102
USC00045933,CA, 24, 97
USC00046006,CA, 53, 72
USC00046074,CA, 19,105
USC00046136,CA, 29,112
USC00046144,CA, 21, 99
USC00046194,CA, 25,110
USC00046399,CA, 44, 74
USC00046506,CA, 20,116
USC00046508,CA,  9,129
USC00046597,CA, 33,109
USC00046624,CA, 53, 75
USC00046635,CA, 65, 69
USC00046675,CA, 30, 91
USC00046685,CA, 25,117
USC00046699,CA, 84, 73
USC00046719,CA, 52, 72
USC00046730,CA, 32, 84
USC00046826,CA, 17,105
USC00046896,CA, 43, 93
USC00046946,CA, 22,126
USC00047109,CA, 12,113
USC00047150,CA, 32, 88
USC00047306,CA, 60, 71
USC00047370,CA, 28,108
USC00047473,CA, 59, 70
USC00047672,CA, 33, 81
USC00047681,CA, 34, 75
USC00047731,CA, 24, 90
USC00047776,CA, 54, 72
USC00047785,CA, 53, 71
USC00047821,CA, 22, 97
USC00047851,CA, 32, 81
USC00047888,CA, 55, 68
USC00047916,CA, 22, 94
USC00047933,CA, 32, 81
USC00047965,CA, 16,106
USC00048014,CA, 50, 75
USC00048045,CA,  5,122
USC00048135,CA, 18,124
USC00048587,CA, 17,115
USC00048606,CA, 29,115
USC00048758,CA, 36,112
USC00049026,CA, 15,124
USC00049035,CA, 58, 85
USC00049043,CA, 36,113
USC00049053,CA, 26,134
USC00049073,CA, 31, 99
USC00049099,CA, 69, 72
USC00049122,CA, 12,112
USC00049152,CA, 50, 71
USC00049185,CA, 20,101
USC00049351,CA, 36,117
USC00049390,CA, 23,122
USC00049452,CA, 43, 83
USC00049473,CA, 23, 94
USC00049621,CA, 17,123
USC00049742,CA, 22,107
USC00050109,CO,172,120
USC00050214,CO,130,115
USC00050263,CO,150,110
USC00050454,CO,154,114
USC00050848,CO,155,118
USC00051071,CO,148,109
USC00051179,CO,164,116
USC00051268,CO,177, 95
USC00051294,CO,156,106
USC00051528,CO,155,112
USC00051564,CO,179,109
USC00051713,CO,143,106
USC00051886,CO,129, 97
USC00051959,CO,142,109
USC00051964,CO,152,102
USC00052184,CO,147,100
USC00052281,CO,149,116
USC00052494,CO,161,111
USC00053005,CO,156,123
USC00053079,CO,165,103
USC00053489,CO,130,111
USC00053500,CO,151,120
USC00053553,CO,160,122
USC00053629,CO,155,118
USC00053828,CO,172,106
USC00053867,CO,139,122
USC00054082,CO,179,123
USC00054444,CO,169,108
USC00054452,CO,157,114
USC00054726,CO,170,101
USC00054742,CO,154,110
USC00054770,CO,176,103
USC00054834,CO,172,103
USC00054934,CO,136, 98
USC00054945,CO,173,122
USC00055531,CO,130, 96
USC00055722,CO,134,106
USC00056136,CO,168,107
USC00056266,CO,131,111
USC00056306,CO,137,109
USC00056765,CO,160,105
USC00056816,CO,156,117
USC00056832,CO,127,119
USC00057167,CO,168,103
USC00057460,CO,146,106
USC00057510,CO,158,114
USC00057515,CO,177,125
USC00058157,CO,165,105
USC00058184,CO,145,109
USC00058204,CO,135,102
USC00058560,CO,128,106
USC00058756,CO,147,124
USC00058781,CO,159,100
USC00058793,CO,179, 98
USC00058995,CO,157,117
USC00059096,CO,148,119
USC00059265,CO,142,120
USC00060299,CT,414,134
USC00062658,CT,411,134
USC00063207,CT,421,130
USC00065445,CT,412,134
USC00065910,CT,421,131
USC00069775,CT,412,131
USC00072730,DE,393,113
USC00079605,DE,393,117
USC00080236,FL,347, 16
USC00080369,FL,345, 19
USC00080945,FL,337, 18
USC00081276,FL,353, 13
USC00081544,FL,314, 45
USC00082229,FL,347, 31
USC00082288,FL,345, 17
USC00082944,FL,345, 44
USC00083163,FL,356,  7
USC00083207,FL,355, 18
USC00083874,FL,346, 37
USC00083956,FL,337, 37
USC00084289,FL,339, 29
USC00084366,FL,346, 41
USC00084394,FL,334, 43
USC00084731,FL,337, 40
USC00085076,FL,343, 29
USC00085275,FL,330, 42
USC00085539,FL,332, 39
USC00085895,FL,349, 13
USC00085973,FL,345, 22
USC00086065,FL,339, 16
USC00086406,FL,349,  5
USC00086414,FL,341, 32
USC00086842,FL,312, 40
USC00086880,FL,339, 19
USC00087025,FL,329, 39
USC00087205,FL,340, 23
USC00087397,FL,342, 14
USC00087760,FL,353,  2
USC00087826,FL,347, 38
USC00087851,FL,339, 25
USC00088824,FL,336, 24
USC00088942,FL,351, 27
USC00089120,FL,335, 34
USC00089176,FL,338, 15
USC00089566,FL,316, 39
USC00090010,GA,331, 54
USC00090140,GA,324, 51
USC00090444,GA,322, 69
USC00090969,GA,326, 77
USC00091340,GA,345, 48
USC00091372,GA,321, 57
USC00091500,GA,324, 48
USC00091640,GA,317, 67
USC00091670,GA,319, 72
USC00091863,GA,319, 77
USC00092006,GA,327, 75
USC00092180,GA,330, 73
USC00092266,GA,327, 54
USC00092283,GA,329, 75
USC00092361,GA,326, 53
USC00092485,GA,320, 70
USC00092839,GA,334, 59
USC00092966,GA,332, 56
USC00093060,GA,335, 72
USC00093115,GA,322, 76
USC00093147,GA,317, 70
USC00093465,GA,340, 44
USC00093538,GA,344, 53
USC00093621,GA,327, 73
USC00093695,GA,337, 64
USC00094429,GA,335, 47
USC00094648,GA,322, 74
USC00094700,GA,323, 67
USC00094728,GA,327, 63
USC00095314,GA,338, 63
USC00095979,GA,325, 57
USC00096043,GA,320, 51
USC00096087,GA,328, 48
USC00097087,GA,323, 55
USC00097201,GA,321, 55
USC00097600,GA,316, 72
USC00097777,GA,335, 62
USC00098064,GA,333, 67
USC00098600,GA,318, 71
USC00098703,GA,330, 50
USC00098740,GA,331, 75
USC00098950,GA,329, 69
USC00099157,GA,336, 68
USC00099186,GA,339, 49
USC00099506,GA,321, 62
USC00100010,ID, 95,142
USC00101017,ID, 68,148
USC00101514,ID, 69,155
USC00101636,ID, 71,150
USC00102159,ID, 66,167
USC00102707,ID,100,152
USC00102845,ID, 67,171
USC00102942,ID, 66,149
USC00103732,ID,104,139
USC00104140,ID, 84,139
USC00104456,ID,103,145
USC00104670,ID, 81,140
USC00105275,ID,107,135
USC00105708,ID, 69,158
USC00106152,ID, 62,172
USC00106305,ID, 65,147
USC00106424,ID, 68,168
USC00106542,ID, 86,136
USC00107648,ID, 64,144
USC00107673,ID, 84,143
USC00109303,ID, 83,139
USC00110187,IL,284, 98
USC00110356,IL,275,124
USC00110598,IL,269,121
USC00110868,IL,281,128
USC00110993,IL,288, 96
USC00111265,IL,284,100
USC00111420,IL,291,130
USC00111491,IL,279,102
USC00111497,IL,295,136
USC00111700,IL,291,107
USC00111743,IL,286,120
USC00112140,IL,296,120
USC00112145,IL,297,119
USC00112223,IL,287,134
USC00112348,IL,281,133
USC00112483,IL,284,102
USC00112923,IL,290,125
USC00112931,IL,291,106
USC00113109,IL,289,108
USC00113262,IL,281,137
USC00113312,IL,274,138
USC00113320,IL,274,126
USC00113666,IL,276,113
USC00114089,IL,280,109
USC00114198,IL,296,122
USC00114355,IL,269,130
USC00114442,IL,276,116
USC00114489,IL,275,111
USC00114530,IL,293,131
USC00114603,IL,294,128
USC00114805,IL,282,127
USC00114823,IL,270,123
USC00114957,IL,296,108
USC00115372,IL,287,129
USC00115430,IL,291,114
USC00115768,IL,272,126
USC00115841,IL,282,114
USC00115901,IL,278,135
USC00115943,IL,287,105
USC00116011,IL,283,105
USC00116080,IL,269,128
USC00116200,IL,286,123
USC00116446,IL,293,108
USC00116526,IL,286,129
USC00116610,IL,296,115
USC00116616,IL,296,130
USC00116725,IL,295,129
USC00116753,IL,285,129
USC00117126,IL,285,112
USC00117157,IL,278,104
USC00117354,IL,285,134
USC00117603,IL,293,110
USC00117636,IL,286,108
USC00117952,IL,294,118
USC00118020,IL,290, 96
USC00118293,IL,278,138
USC00118740,IL,292,119
USC00118870,IL,276,118
USC00118932,IL,285,104
USC00119241,IL,274,114
USC00120182,IN,312,119
USC00120200,IN,318,132
USC00120784,IN,305,112
USC00120830,IN,316,124
USC00121030,IN,317,114
USC00121747,IN,310,112
USC00122096,IN,318,125
USC00122605,IN,302,111
USC00122825,IN,316,121
USC00123082,IN,305,121
USC00123104,IN,299,109
USC00123513,IN,302,116
USC00123527,IN,311,117
USC00124662,IN,308,122
USC00124837,IN,304,131
USC00125117,IN,306,124
USC00125337,IN,312,123
USC00126023,IN,315,120
USC00126164,IN,314,118
USC00126580,IN,305,110
USC00126830,IN,297,119
USC00127370,IN,318,117
USC00127482,IN,308,127
USC00127724,IN,303,104
USC00127935,IN,310,110
USC00128036,IN,303,107
USC00129222,IN,302,130
USC00129430,IN,302,122
USC00129557,IN,307,118
USC00130112,IA,255,127
USC00130203,IA,249,134
USC00130608,IA,274,137
USC00130745,IA,241,123
USC00130753,IA,258,125
USC00130807,IA,246,135
USC00130999,IA,250,138
USC00131060,IA,269,125
USC00131319,IA,265,135
USC00131394,IA,251,127
USC00131402,IA,256,143
USC00131442,IA,233,141
USC00131533,IA,237,124
USC00131635,IA,275,133
USC00131954,IA,261,146
USC00132171,IA,235,135
USC00132299,IA,265,124
USC00132364,IA,272,139
USC00132864,IA,263,141
USC00133120,IA,256,135
USC00133239,IA,255,134
USC00133438,IA,242,129
USC00133473,IA,256,132
USC00133487,IA,255,137
USC00133517,IA,269,141
USC00133632,IA,235,132
USC00133909,IA,233,138
USC00134063,IA,248,129
USC00134101,IA,265,131
USC00134228,IA,242,135
USC00134308,IA,247,142
USC00134381,IA,267,122
USC00134557,IA,249,146
USC00134585,IA,246,123
USC00134758,IA,248,124
USC00134894,IA,231,132
USC00135086,IA,266,138
USC00135198,IA,254,135
USC00135230,IA,252,144
USC00135650,IA,257,131
USC00135837,IA,269,130
USC00135952,IA,259,143
USC00136243,IA,228,135
USC00136527,IA,254,130
USC00136755,IA,250,139
USC00136891,IA,233,125
USC00136940,IA,236,127
USC00137386,IA,232,144
USC00137594,IA,231,144
USC00137700,IA,228,143
USC00137726,IA,237,142
USC00137844,IA,236,144
USC00138296,IA,257,135
USC00138568,IA,261,136
USC00139750,IA,251,136
USC00140010,KS,220,110
USC00140135,KS,201,106
USC00140195,KS,226,109
USC00140313,KS,221, 95
USC00140365,KS,199, 96
USC00140405,KS,237,115
USC00140439,KS,189,117
USC00140443,KS,231,110
USC00140447,KS,222,100
USC00140676,KS,200,101
USC00140693,KS,213,114
USC00140836,KS,185,115
USC00140957,KS,238,111
USC00141003,KS,223,118
USC00141104,KS,200, 99
USC00141141,KS,201,104
USC00141202,KS,227,108
USC00141233,KS,217, 95
USC00141371,KS,210,115
USC00141395,KS,226, 95
USC00141452,KS,211,105
USC00141522,KS,195,101
USC00141536,KS,209,107
USC00141559,KS,220,113
USC00141593,KS,219,115
USC00141699,KS,189,114
USC00141704,KS,203, 97
USC00141730,KS,197,110
USC00141740,KS,239, 96
USC00141795,KS,216, 98
USC00141858,KS,225,105
USC00141867,KS,225,108
USC00141875,KS,207,112
USC00141999,KS,201,113
USC00142086,KS,200,116
USC00142135,KS,223,107
USC00142213,KS,194,116
USC00142267,KS,226,107
USC00142401,KS,223,101
USC00142432,KS,182, 95
USC00142452,KS,201,110
USC00142622,KS,227,101
USC00142835,KS,240,101
USC00142848,KS,225,115
USC00143008,KS,236,105
USC00143138,KS,230,116
USC00143175,KS,193,110
USC00143218,KS,207,106
USC00143239,KS,203, 99
USC00143248,KS,226, 97
USC00143323,KS,219,117
USC00143527,KS,203,109
USC00143554,KS,193,107
USC00143665,KS,199,113
USC00143667,KS,220,105
USC00143810,KS,233,116
USC00143822,KS,227, 98
USC00143837,KS,194,113
USC00143847,KS,208,103
USC00143855,KS,187, 96
USC00143930,KS,213,102
USC00143954,KS,232, 96
USC00143974,KS,215,104
USC00143984,KS,234,102
USC00143997,KS,211,116
USC00144089,KS,212,116
USC00144161,KS,195,103
USC00144313,KS,213,100
USC00144333,KS,203,102
USC00144464,KS,188,102
USC00144598,KS,209,117
USC00144608,KS,231,106
USC00144613,KS,234,111
USC00144695,KS,190, 95
USC00144708,KS,227,115
USC00144712,KS,212,111
USC00144735,KS,216,107
USC00144775,KS,201,116
USC00144807,KS,201,118
USC00144812,KS,229, 98
USC00144821,KS,204,108
USC00144857,KS,213,118
USC00144937,KS,228,104
USC00144972,KS,225,112
USC00145039,KS,221,106
USC00145063,KS,224,117
USC00145069,KS,225,104
USC00145127,KS,187,117
USC00145132,KS,228,111
USC00145152,KS,217,106
USC00145306,KS,222,111
USC00145335,KS,218,113
USC00145355,KS,191,113
USC00145463,KS,236,102
USC00145539,KS,216,101
USC00145628,KS,205,112
USC00145744,KS,219,103
USC00145856,KS,199,116
USC00145906,KS,193,117
USC00145920,KS,201,101
USC00145972,KS,239,110
USC00146084,KS,238,107
USC00146115,KS,237, 96
USC00146128,KS,235,107
USC00146209,KS,238,107
USC00146217,KS,222,115
USC00146305,KS,218, 98
USC00146787,KS,191,114
USC00146813,KS,182, 96
USC00146979,KS,224,101
USC00147007,KS,230,112
USC00147093,KS,183,117
USC00147095,KS,182,117
USC00147140,KS,197,112
USC00147271,KS,190,106
USC00147305,KS,228, 96
USC00147397,KS,183,110
USC00147542,KS,207,117
USC00147796,KS,212,104
USC00147809,KS,240,109
USC00147922,KS,190, 98
USC00148038,KS,184,102
USC00148086,KS,214,111
USC00148156,KS,237,111
USC00148235,KS,183,106
USC00148245,KS,205,101
USC00148250,KS,237,117
USC00148287,KS,187, 99
USC00148323,KS,196,108
USC00148341,KS,234,113
USC00148495,KS,198,111
USC00148498,KS,198,112
USC00148549,KS,237, 99
USC00148563,KS,227,112
USC00148578,KS,221,117
USC00148670,KS,218, 97
USC00148802,KS,224,109
USC00148964,KS,222, 97
USC00150012,KY,304, 96
USC00150381,KY,326, 94
USC00150422,KY,309, 94
USC00150450,KY,331, 93
USC00150700,KY,329, 93
USC00150875,KY,312,100
USC00150940,KY,316, 98
USC00151227,KY,299, 99
USC00151640,KY,333, 94
USC00151725,KY,315, 95
USC00152040,KY,319,100
USC00152072,KY,296, 96
USC00152791,KY,329,103
USC00153246,KY,310, 95
USC00153252,KY,310, 99
USC00153398,KY,334,105
USC00153430,KY,313, 97
USC00154369,KY,320,102
USC00154848,KY,335,108
USC00154955,KY,311,105
USC00155067,KY,297, 97
USC00155524,KY,319, 93
USC00155648,KY,323, 97
USC00155694,KY,291, 91
USC00156170,KY,324,104
USC00156580,KY,295, 95
USC00156988,KY,305, 99
USC00157234,KY,297, 99
USC00157431,KY,334, 95
USC00157604,KY,316,100
USC00157800,KY,312, 94
USC00158824,KY,304, 96
USC00160007,LA,261, 38
USC00160021,LA,277, 42
USC00160098,LA,258, 49
USC00160205,LA,273, 44
USC00160349,LA,252, 56
USC00160462,LA,268, 43
USC00160558,LA,269, 42
USC00160565,LA,267, 40
USC00160617,LA,258, 45
USC00160800,LA,254, 57
USC00161232,LA,256, 50
USC00161287,LA,260, 46
USC00161411,LA,259, 59
USC00161565,LA,268, 40
USC00161899,LA,270, 45
USC00161979,LA,261, 56
USC00162121,LA,250, 62
USC00162151,LA,277, 43
USC00162212,LA,259, 40
USC00162350,LA,270, 42
USC00162367,LA,251, 45
USC00162534,LA,269, 39
USC00162981,LA,258, 42
USC00163313,LA,265, 37
USC00163433,LA,275, 34
USC00163695,LA,270, 40
USC00163800,LA,261, 42
USC00164030,LA,274, 43
USC00164355,LA,253, 61
USC00164398,LA,247, 58
USC00164674,LA,264, 38
USC00164700,LA,256, 40
USC00164732,LA,256, 57
USC00164739,LA,263, 50
USC00164816,LA,247, 57
USC00165074,LA,252, 41
USC00165090,LA,268, 61
USC00165266,LA,252, 48
USC00165438,LA,271, 43
USC00165620,LA,268, 41
USC00165630,LA,258, 48
USC00165892,LA,250, 51
USC00166244,LA,251, 59
USC00166364,LA,246, 60
USC00166394,LA,268, 36
USC00166582,LA,253, 53
USC00166686,LA,267, 44
USC00166836,LA,256, 45
USC00166866,LA,266, 61
USC00166911,LA,270, 45
USC00166938,LA,255, 43
USC00166995,LA,261, 43
USC00167096,LA,274, 37
USC00167304,LA,271, 44
USC00167366,LA,267, 41
USC00167448,LA,268, 42
USC00167738,LA,248, 58
USC00167767,LA,273, 39
USC00168046,LA,251, 46
USC00168067,LA,256, 59
USC00168136,LA,266, 45
USC00168163,LA,268, 54
USC00168436,LA,248, 59
USC00168539,LA,279, 41
USC00168831,LA,251, 40
USC00168923,LA,268, 58
USC00169806,LA,264, 55
USC00170814,ME,439,164
USC00171628,ME,444,158
USC00171975,ME,444,160
USC00172238,ME,431,150
USC00172765,ME,436,156
USC00172878,ME,449,176
USC00173261,ME,455,160
USC00173567,ME,441,158
USC00173588,ME,439,162
USC00174086,ME,435,163
USC00174324,ME,436,158
USC00174566,ME,436,151
USC00174781,ME,436,160
USC00174878,ME,458,156
USC00174927,ME,438,157
USC00175261,ME,430,157
USC00175304,ME,448,164
USC00175460,ME,440,163
USC00175675,ME,441,151
USC00176937,ME,453,172
USC00177037,ME,432,158
USC00178965,ME,454,176
USC00179314,ME,433,148
USC00181750,MD,389,112
USC00182282,MD,367,116
USC00182325,MD,381,110
USC00182906,MD,379,116
USC00183415,MD,366,116
USC00185865,MD,384,106
USC00187806,MD,388,109
USC00188000,MD,393,105
USC00188380,MD,394,104
USC00190120,MA,417,138
USC00190190,MA,422,139
USC00190213,MA,415,139
USC00190408,MA,421,138
USC00190535,MA,427,138
USC00190562,MA,419,137
USC00190860,MA,429,135
USC00191386,MA,437,132
USC00192451,MA,432,133
USC00192501,MA,432,130
USC00192997,MA,426,135
USC00193624,MA,430,136
USC00194580,MA,426,138
USC00194744,MA,429,139
USC00195175,MA,427,137
USC00195285,MA,430,141
USC00195524,MA,424,135
USC00195984,MA,428,134
USC00196486,MA,432,134
USC00196783,MA,428,139
USC00196938,MA,430,133
USC00198278,MA,417,138
USC00198757,MA,428,136
USC00198793,MA,420,137
USC00200032,MI,325,134
USC00200146,MI,320,146
USC00200230,MI,328,137
USC00200417,MI,334,149
USC00200779,MI,314,148
USC00200864,MI,310,138
USC00200925,MI,318,160
USC00201361,MI,332,147
USC00201492,MI,321,164
USC00202094,MI,325,167
USC00202250,MI,308,134
USC00202381,MI,316,160
USC00202423,MI,329,153
USC00202445,MI,308,135
USC00203429,MI,316,144
USC00203661,MI,315,140
USC00203744,MI,290,172
USC00203947,MI,326,139
USC00204090,MI,293,165
USC00204257,MI,316,156
USC00204502,MI,316,153
USC00204944,MI,315,142
USC00205603,MI,324,132
USC00205892,MI,307,133
USC00207812,MI,288,167
USC00208184,MI,312,134
USC00208800,MI,324,153
USC00210075,MN,251,147
USC00210252,MN,223,185
USC00210287,MN,228,162
USC00210667,MN,233,161
USC00210939,MN,244,169
USC00210989,MN,263,176
USC00211263,MN,227,156
USC00211630,MN,257,172
USC00211691,MN,242,163
USC00212486,MN,259,151
USC00212721,MN,251,153
USC00213290,MN,257,148
USC00213303,MN,250,176
USC00213520,MN,261,147
USC00213793,MN,254,166
USC00214418,MN,267,149
USC00214546,MN,235,152
USC00214563,MN,262,148
USC00214652,MN,244,176
USC00214793,MN,243,166
USC00214861,MN,238,166
USC00215488,MN,263,152
USC00215598,MN,255,170
USC00215638,MN,231,163
USC00215842,MN,238,161
USC00216287,MN,252,151
USC00216405,MN,229,171
USC00216547,MN,245,172
USC00216612,MN,249,177
USC00216654,MN,261,148
USC00216787,MN,227,182
USC00216817,MN,257,155
USC00217502,MN,247,163
USC00217907,MN,238,152
USC00218419,MN,264,175
USC00218552,MN,261,154
USC00218579,MN,234,170
USC00218692,MN,249,151
USC00219004,MN,237,159
USC00219046,MN,244,149
USC00219059,MN,245,178
USC00219072,MN,264,151
USC00219170,MN,233,148
USC00219249,MN,256,153
USC00220008,MS,281, 75
USC00220021,MS,289, 69
USC00220237,MS,276, 76
USC00220290,MS,284, 77
USC00220955,MS,289, 76
USC00221094,MS,274, 51
USC00221152,MS,283, 70
USC00221174,MS,289, 51
USC00221489,MS,281, 61
USC00221804,MS,280, 70
USC00221860,MS,287, 58
USC00221865,MS,279, 49
USC00221880,MS,290, 66
USC00222385,MS,278, 54
USC00222773,MS,278, 72
USC00223208,MS,290, 73
USC00223340,MS,287, 62
USC00223700,MS,288, 74
USC00223887,MS,283, 49
USC00223920,MS,274, 53
USC00224173,MS,282, 77
USC00224377,MS,279, 76
USC00224776,MS,281, 63
USC00224939,MS,285, 52
USC00224966,MS,289, 48
USC00225943,MS,281, 53
USC00225987,MS,277, 51
USC00226009,MS,273, 66
USC00226084,MS,281, 78
USC00226177,MS,267, 51
USC00226256,MS,285, 74
USC00226308,MS,285, 57
USC00226894,MS,284, 61
USC00227106,MS,286, 72
USC00227111,MS,286, 72
USC00227128,MS,281, 45
USC00227132,MS,270, 54
USC00227220,MS,282, 48
USC00227807,MS,276, 75
USC00227815,MS,279, 74
USC00227840,MS,285, 44
USC00227921,MS,278, 76
USC00228053,MS,288, 53
USC00228374,MS,287, 66
USC00228445,MS,270, 66
USC00228556,MS,281, 50
USC00229048,MS,277, 47
USC00229114,MS,279, 65
USC00229326,MS,282, 59
USC00229426,MS,282, 41
USC00229597,MS,280, 55
USC00229743,MS,281, 66
USC00229860,MS,274, 62
USC00230143,MO,243,118
USC00230164,MO,242, 92
USC00230204,MO,245,104
USC00230789,MO,250, 99
USC00230980,MO,253,117
USC00231145,MO,242,105
USC00231340,MO,250,113
USC00231773,MO,249,115
USC00231837,MO,249,110
USC00232289,MO,271, 91
USC00232482,MO,260,120
USC00232591,MO,271,112
USC00233038,MO,275, 99
USC00233079,MO,262,109
USC00233568,MO,245,116
USC00233601,MO,267,116
USC00234023,MO,261, 97
USC00234271,MO,260,107
USC00234919,MO,262, 99
USC00235027,MO,246, 98
USC00235098,MO,269,114
USC00235253,MO,278, 97
USC00235307,MO,254, 97
USC00235578,MO,253,120
USC00235834,MO,259, 96
USC00235987,MO,243,101
USC00236012,MO,255,111
USC00236045,MO,281, 91
USC00236402,MO,248,103
USC00236460,MO,252, 92
USC00236493,MO,265,117
USC00236563,MO,244,119
USC00236678,MO,245, 94
USC00236804,MO,280, 90
USC00237263,MO,263,102
USC00237632,MO,252,108
USC00237963,MO,248,120
USC00238051,MO,262,118
USC00238223,MO,250,110
USC00238313,MO,259, 91
USC00238515,MO,269,106
USC00238561,MO,274,107
USC00238620,MO,262,104
USC00238984,MO,273, 94
USC00240199,MT, 94,168
USC00240412,MT,163,169
USC00241008,MT,101,168
USC00241044,MT,109,164
USC00241047,MT,108,164
USC00241088,MT,155,187
USC00241231,MT,139,178
USC00241297,MT,142,163
USC00241518,MT,163,172
USC00241525,MT,108,181
USC00241552,MT,104,176
USC00241557,MT,105,174
USC00241722,MT,124,187
USC00241758,MT,153,178
USC00241905,MT,144,166
USC00241938,MT,123,164
USC00241974,MT,102,184
USC00242122,MT,161,184
USC00242409,MT, 96,160
USC00242438,MT,132,186
USC00242689,MT,161,166
USC00242793,MT,104,161
USC00242827,MT, 77,190
USC00242857,MT,102,179
USC00243098,MT,144,169
USC00243176,MT,146,183
USC00243346,MT,105,185
USC00243570,MT, 96,162
USC00243617,MT,106,190
USC00243707,MT, 93,158
USC00243727,MT,127,175
USC00244084,MT, 69,183
USC00244174,MT,114,188
USC00244241,MT,101,174
USC00244364,MT,140,166
USC00244386,MT,140,172
USC00244558,MT, 83,185
USC00244715,MT,164,165
USC00244954,MT,113,169
USC00244978,MT,122,174
USC00245020,MT, 76,182
USC00245043,MT, 88,178
USC00245080,MT,113,162
USC00245153,MT,113,182
USC00245303,MT,160,168
USC00245387,MT,115,171
USC00245596,MT,135,171
USC00245603,MT,117,167
USC00245668,MT,158,173
USC00245735,MT, 86,174
USC00245754,MT,155,169
USC00245761,MT,118,175
USC00245961,MT,120,160
USC00246238,MT,147,188
USC00246640,MT, 84,180
USC00246700,MT,105,180
USC00246902,MT,112,177
USC00247128,MT,124,162
USC00247382,MT,163,178
USC00247448,MT, 89,176
USC00247560,MT,164,180
USC00247620,MT,116,190
USC00247740,MT,151,162
USC00247800,MT,116,164
USC00247894,MT, 85,171
USC00247964,MT, 86,165
USC00248169,MT,154,175
USC00248211,MT, 75,179
USC00248324,MT,105,169
USC00248430,MT, 99,163
USC00248501,MT, 99,185
USC00248732,MT,164,167
USC00248809,MT, 86,187
USC00248939,MT,137,189
USC00249023,MT,113,167
USC00249082,MT, 93,165
USC00249240,MT,134,161
USC00250050,NE,199,139
USC00250245,NE,199,131
USC00250320,NE,204,130
USC00250365,NE,184,131
USC00250375,NE,226,127
USC00250435,NE,232,121
USC00250640,NE,199,120
USC00250760,NE,185,119
USC00250781,NE,228,129
USC00250810,NE,200,123
USC00250945,NE,216,139
USC00250961,NE,209,121
USC00251065,NE,216,126
USC00251145,NE,173,132
USC00251240,NE,217,121
USC00251345,NE,204,133
USC00251365,NE,207,142
USC00251560,NE,213,127
USC00251680,NE,214,123
USC00251825,NE,219,130
USC00252065,NE,191,120
USC00252145,NE,174,130
USC00252205,NE,220,128
USC00252380,NE,222,132
USC00252595,NE,213,134
USC00252645,NE,179,135
USC00252680,NE,197,136
USC00252690,NE,198,122
USC00252790,NE,197,124
USC00252820,NE,220,119
USC00252840,NE,217,124
USC00253050,NE,226,130
USC00253065,NE,220,124
USC00253185,NE,215,130
USC00253365,NE,196,126
USC00253461,NE,218,127
USC00253515,NE,182,119
USC00253589,NE,214,119
USC00253605,NE,166,132
USC00253660,NE,210,124
USC00253755,NE,173,137
USC00253825,NE,224,123
USC00253910,NE,202,122
USC00254035,NE,221,132
USC00254043,NE,218,119
USC00254335,NE,205,124
USC00254440,NE,168,128
USC00254455,NE,184,128
USC00254900,NE,176,128
USC00255050,NE,226,134
USC00255105,NE,223,126
USC00255250,NE,203,128
USC00255311,NE,192,122
USC00255565,NE,206,123
USC00255780,NE,204,119
USC00255810,NE,230,124
USC00255830,NE,213,136
USC00255840,NE,213,120
USC00255925,NE,203,139
USC00256075,NE,192,127
USC00256135,NE,214,135
USC00256336,NE,206,131
USC00256365,NE,202,120
USC00256375,NE,217,128
USC00256385,NE,179,130
USC00256390,NE,178,129
USC00256480,NE,189,121
USC00256795,NE,230,127
USC00257032,NE,219,137
USC00257070,NE,209,119
USC00257515,NE,210,128
USC00257640,NE,221,130
USC00257715,NE,221,126
USC00258040,NE,208,141
USC00258320,NE,214,119
USC00258395,NE,228,124
USC00258410,NE,229,120
USC00258455,NE,202,133
USC00258465,NE,228,121
USC00258628,NE,189,120
USC00258735,NE,207,121
USC00258745,NE,219,126
USC00258875,NE,226,120
USC00258915,NE,223,137
USC00259045,NE,221,136
USC00259090,NE,228,125
USC00259115,NE,192,125
USC00259200,NE,224,133
USC00259325,NE,197,119
USC00259475,NE,224,120
USC00262243,NV, 75, 90
USC00264698,NV, 50,120
USC00265168,NV, 53,106
USC00265890,NV, 69, 89
USC00267369,NV, 78, 82
USC00267612,NV, 43,110
USC00270681,NH,422,151
USC00270690,NH,428,154
USC00272842,NH,429,157
USC00272999,NH,427,159
USC00273626,NH,431,143
USC00273850,NH,419,148
USC00274329,NH,425,154
USC00274399,NH,419,142
USC00274480,NH,426,147
USC00274556,NH,425,154
USC00275150,NH,420,143
USC00275868,NH,420,146
USC00275995,NH,428,151
USC00278858,NH,418,143
USC00280927,NJ,401,123
USC00281327,NJ,402,127
USC00281335,NJ,403,124
USC00281351,NJ,399,111
USC00282023,NJ,403,124
USC00283516,NJ,403,128
USC00283951,NJ,401,121
USC00284229,NJ,399,117
USC00284635,NJ,398,121
USC00285728,NJ,398,118
USC00286055,NJ,402,122
USC00286146,NJ,405,126
USC00287301,NJ,400,124
USC00289832,NJ,405,127
USC00290041,NM,146, 88
USC00290600,NM,162, 61
USC00291252,NM,128, 63
USC00291286,NM,139, 62
USC00291469,NM,164, 57
USC00291664,NM,145, 94
USC00291910,NM,129, 61
USC00291982,NM,147, 84
USC00292030,NM,164, 82
USC00292510,NM,157, 80
USC00292608,NM,141, 94
USC00292837,NM,144, 91
USC00292848,NM,140, 64
USC00292854,NM,168, 70
USC00293060,NM,149, 77
USC00293142,NM,131, 92
USC00293265,NM,132, 61
USC00293294,NM,164, 74
USC00293296,NM,163, 74
USC00293511,NM,146, 89
USC00293592,NM,148, 81
USC00294009,NM,137, 62
USC00294175,NM,166, 76
USC00294346,NM,172, 55
USC00294398,NM,141, 86
USC00294461,NM,141, 71
USC00294742,NM,163, 94
USC00295150,NM,143, 77
USC00295617,NM,169, 74
USC00295937,NM,166, 85
USC00296275,NM,157, 88
USC00296619,NM,168, 89
USC00296687,NM,154, 75
USC00297008,NM,171, 72
USC00297280,NM,162, 94
USC00297340,NM,128, 60
USC00297423,NM,140, 69
USC00298107,NM,160, 78
USC00298535,NM,143, 57
USC00298596,NM,162, 75
USC00299156,NM,168, 80
USC00299165,NM,149, 63
USC00300183,NY,373,137
USC00300331,NY,384,140
USC00300343,NY,375,142
USC00300668,NY,399,149
USC00300889,NY,419,126
USC00301152,NY,379,141
USC00301168,NY,387,136
USC00301413,NY,384,135
USC00301752,NY,398,140
USC00302060,NY,394,135
USC00302129,NY,407,127
USC00302574,NY,407,158
USC00302610,NY,383,135
USC00303025,NY,370,137
USC00303065,NY,372,136
USC00303184,NY,381,142
USC00303284,NY,408,145
USC00303346,NY,393,153
USC00303773,NY,377,140
USC00303851,NY,393,147
USC00303983,NY,376,137
USC00304102,NY,403,149
USC00304174,NY,386,138
USC00304555,NY,406,152
USC00304772,NY,380,135
USC00304836,NY,386,140
USC00304912,NY,394,149
USC00304996,NY,403,157
USC00305310,NY,402,130
USC00305426,NY,404,133
USC00305925,NY,406,148
USC00306047,NY,367,143
USC00306085,NY,393,139
USC00306196,NY,370,135
USC00306314,NY,386,146
USC00306745,NY,373,139
USC00307134,NY,416,126
USC00307210,NY,401,131
USC00307705,NY,393,140
USC00309000,NY,390,150
USC00309303,NY,409,139
USC00309389,NY,410,147
USC00309425,NY,375,135
USC00309516,NY,404,137
USC00309670,NY,407,129
USC00310286,NC,359, 84
USC00310674,NC,385, 83
USC00311081,NC,343, 84
USC00311285,NC,367, 88
USC00311515,NC,362, 81
USC00311538,NC,345, 82
USC00311606,NC,386, 78
USC00311677,NC,365, 86
USC00311881,NC,371, 79
USC00311975,NC,353, 82
USC00312102,NC,330, 79
USC00312200,NC,332, 81
USC00312238,NC,356, 90
USC00312500,NC,368, 81
USC00312719,NC,388, 89
USC00312740,NC,351, 89
USC00312827,NC,376, 88
USC00313017,NC,367, 79
USC00313106,NC,337, 82
USC00313555,NC,363, 87
USC00313784,NC,360, 78
USC00313976,NC,338, 81
USC00314055,NC,332, 79
USC00314063,NC,358, 86
USC00314464,NC,360, 80
USC00314860,NC,362, 77
USC00314962,NC,380, 88
USC00314970,NC,355, 85
USC00314996,NC,347, 82
USC00315116,NC,369, 71
USC00315356,NC,336, 85
USC00315771,NC,353, 78
USC00315830,NC,384, 77
USC00315838,NC,344, 84
USC00315890,NC,352, 90
USC00315913,NC,350, 81
USC00316236,NC,339, 84
USC00316256,NC,348, 88
USC00316602,NC,345, 86
USC00316805,NC,336, 81
USC00316853,NC,384, 85
USC00317074,NC,368, 84
USC00317097,NC,359, 85
USC00317202,NC,360, 90
USC00317229,NC,346, 85
USC00317319,NC,376, 90
USC00317395,NC,375, 86
USC00317486,NC,335, 80
USC00317618,NC,353, 84
USC00317656,NC,365, 83
USC00317924,NC,362, 85
USC00317994,NC,371, 83
USC00318292,NC,350, 85
USC00318492,NC,326, 82
USC00318500,NC,377, 86
USC00318694,NC,347, 90
USC00318706,NC,379, 79
USC00318744,NC,339, 80
USC00318964,NC,357, 78
USC00319100,NC,381, 83
USC00319123,NC,333, 85
USC00319147,NC,334, 82
USC00319357,NC,367, 74
USC00319423,NC,373, 76
USC00319440,NC,381, 85
USC00319467,NC,374, 73
USC00319476,NC,374, 84
USC00319555,NC,348, 88
USC00319675,NC,353, 88
USC00320022,ND,213,185
USC00320382,ND,203,167
USC00320941,ND,194,189
USC00320995,ND,170,168
USC00321435,ND,216,189
USC00321477,ND,219,173
USC00322304,ND,195,183
USC00323064,ND,206,167
USC00323621,ND,221,182
USC00324571,ND,174,182
USC00324958,ND,211,189
USC00325230,ND,212,172
USC00325479,ND,190,173
USC00325638,ND,187,181
USC00325730,ND,208,179
USC00325754,ND,220,170
USC00326105,ND,209,172
USC00326255,ND,199,171
USC00326365,ND,186,174
USC00327311,ND,183,168
USC00327450,ND,174,167
USC00327664,ND,201,190
USC00328065,ND,188,168
USC00328276,ND,178,185
USC00328627,ND,182,185
USC00328812,ND,166,177
USC00328872,ND,188,178
USC00328913,ND,192,187
USC00328937,ND,213,174
USC00329333,ND,189,190
USC00329400,ND,172,188
USC00329430,ND,168,184
USC00330563,OH,327,121
USC00331057,OH,338,118
USC00331072,OH,334,125
USC00331152,OH,350,121
USC00331197,OH,345,119
USC00331390,OH,321,123
USC00331458,OH,348,131
USC00331515,OH,321,112
USC00331541,OH,342,127
USC00331592,OH,334,115
USC00331777,OH,334,119
USC00331858,OH,341,120
USC00331890,OH,343,120
USC00331905,OH,343,121
USC00332044,OH,339,122
USC00332067,OH,324,117
USC00332098,OH,322,129
USC00332485,OH,320,116
USC00332599,OH,341,130
USC00332791,OH,328,127
USC00332974,OH,333,129
USC00333021,OH,335,124
USC00333375,OH,320,119
USC00333758,OH,329,112
USC00333780,OH,348,129
USC00334238,OH,323,113
USC00334434,OH,336,114
USC00334551,OH,324,124
USC00334927,OH,346,114
USC00334979,OH,331,120
USC00335029,OH,338,113
USC00335438,OH,321,131
USC00335505,OH,351,129
USC00335718,OH,340,115
USC00335747,OH,338,119
USC00335786,OH,325,118
USC00335857,OH,340,116
USC00336118,OH,337,129
USC00336196,OH,340,129
USC00336405,OH,326,126
USC00336465,OH,321,127
USC00336600,OH,342,117
USC00336697,OH,323,119
USC00336781,OH,334,109
USC00336861,OH,332,122
USC00336949,OH,347,128
USC00337383,OH,322,123
USC00337538,OH,330,116
USC00337693,OH,324,121
USC00337935,OH,327,118
USC00338313,OH,332,127
USC00338332,OH,324,118
USC00338552,OH,327,119
USC00338642,OH,322,120
USC00338769,OH,351,128
USC00338822,OH,324,131
USC00338951,OH,334,120
USC00338990,OH,320,117
USC00339219,OH,327,114
USC00339312,OH,342,125
USC00340017,OK,224, 77
USC00340179,OK,203, 75
USC00340184,OK,203, 78
USC00340593,OK,193, 93
USC00340755,OK,218, 91
USC00340818,OK,219, 93
USC00340908,OK,178, 92
USC00341162,OK,240, 71
USC00341745,OK,222, 75
USC00341750,OK,214, 79
USC00341828,OK,233, 89
USC00342054,OK,214, 73
USC00342125,OK,206, 81
USC00342196,OK,216, 76
USC00342354,OK,232, 75
USC00342668,OK,212, 74
USC00342944,OK,199, 80
USC00343070,OK,200, 89
USC00343304,OK,201, 91
USC00343358,OK,205, 93
USC00344001,OK,218, 72
USC00344019,OK,211, 91
USC00344055,OK,215, 87
USC00344861,OK,214, 85
USC00344915,OK,223, 78
USC00345045,OK,198, 92
USC00345329,OK,210, 81
USC00345509,OK,201, 78
USC00345563,OK,220, 70
USC00345581,OK,214, 76
USC00345693,OK,238, 80
USC00345713,OK,231, 73
USC00346035,OK,202, 80
USC00346139,OK,204, 88
USC00346638,OK,227, 82
USC00346926,OK,219, 76
USC00346940,OK,223, 89
USC00347012,OK,219, 89
USC00347214,OK,224, 74
USC00347390,OK,224, 91
USC00347565,OK,203, 80
USC00347862,OK,239, 82
USC00347952,OK,200, 81
USC00348042,OK,224, 80
USC00348110,OK,222, 81
USC00348563,OK,224, 85
USC00348708,OK,206, 87
USC00348884,OK,224, 72
USC00349086,OK,214, 81
USC00349118,OK,236, 70
USC00349212,OK,199, 78
USC00349364,OK,210, 85
USC00349575,OK,225, 80
USC00349668,OK,201, 79
USC00349760,OK,202, 90
USC00350145,OR,  7,154
USC00350265,OR, 36,164
USC00350304,OR, 16,136
USC00350312,OR, 31,156
USC00350471,OR,  2,144
USC00350897,OR, 22,164
USC00351149,OR, 14,136
USC00351433,OR, 18,154
USC00351643,OR, 12,167
USC00351682,OR,  6,160
USC00351836,OR,  4,144
USC00351862,OR, 12,156
USC00351877,OR, 10,155
USC00351897,OR, 13,149
USC00351946,OR, 20,142
USC00352292,OR, 19,156
USC00352325,OR, 13,162
USC00352374,OR, 14,149
USC00352406,OR, 11,148
USC00352415,OR, 50,149
USC00352693,OR, 19,161
USC00352997,OR, 13,163
USC00353047,OR, 16,154
USC00353402,OR, 24,161
USC00353445,OR, 11,138
USC00353509,OR, 17,136
USC00353604,OR, 61,157
USC00353705,OR, 11,161
USC00353770,OR, 20,162
USC00353827,OR, 41,161
USC00353971,OR, 15,153
USC00354126,OR, 14,145
USC00354403,OR, 22,136
USC00354811,OR, 16,151
USC00354835,OR, 20,145
USC00355026,OR, 10,144
USC00355050,OR, 15,150
USC00355055,OR, 16,140
USC00355080,OR, 30,156
USC00355142,OR, 28,156
USC00355160,OR, 61,150
USC00355593,OR, 50,166
USC00355734,OR, 32,162
USC00355971,OR,  7,165
USC00356200,OR, 11,146
USC00356366,OR,  6,159
USC00356405,OR, 60,148
USC00356466,OR, 25,163
USC00356532,OR, 27,156
USC00356540,OR, 48,164
USC00356634,OR, 47,162
USC00356795,OR,  2,140
USC00357127,OR, 14,161
USC00357169,OR, 11,142
USC00357823,OR, 15,159
USC00357940,OR, 12,144
USC00358095,OR, 15,157
USC00358173,OR, 31,142
USC00358260,OR, 11,146
USC00358466,OR, 21,159
USC00358494,OR,  6,162
USC00358536,OR, 18,145
USC00358746,OR, 54,160
USC00358884,OR, 12,165
USC00359083,OR, 15,155
USC00359316,OR, 24,148
USC00359372,OR, 10,159
USC00359390,OR, 11,136
USC00359461,OR, 11,145
USC00360457,PA,386,125
USC00360475,PA,355,125
USC00360656,PA,379,118
USC00360861,PA,359,122
USC00360868,PA,368,134
USC00361139,PA,358,125
USC00361212,PA,383,132
USC00361350,PA,361,117
USC00361354,PA,376,118
USC00361377,PA,358,120
USC00361480,PA,374,127
USC00361705,PA,363,117
USC00361726,PA,361,118
USC00362190,PA,359,120
USC00362470,PA,368,122
USC00362671,PA,395,133
USC00363028,PA,359,130
USC00363130,PA,376,132
USC00363321,PA,391,119
USC00363343,PA,356,123
USC00363632,PA,390,123
USC00364047,PA,390,119
USC00364214,PA,365,123
USC00364432,PA,367,132
USC00364763,PA,387,119
USC00364778,PA,386,119
USC00364992,PA,377,123
USC00365109,PA,378,127
USC00365686,PA,365,117
USC00365902,PA,354,124
USC00365915,PA,391,133
USC00366151,PA,360,123
USC00366194,PA,398,120
USC00366233,PA,355,127
USC00366289,PA,385,116
USC00366508,PA,389,117
USC00366681,PA,393,122
USC00367103,PA,371,133
USC00367229,PA,363,126
USC00367409,PA,376,129
USC00367477,PA,368,130
USC00367730,PA,378,133
USC00367735,PA,364,125
USC00367782,PA,361,123
USC00367846,PA,371,120
USC00367931,PA,383,125
USC00368057,PA,388,128
USC00368073,PA,377,119
USC00368145,PA,373,129
USC00368184,PA,357,127
USC00368308,PA,378,117
USC00368379,PA,383,117
USC00368449,PA,375,125
USC00368469,PA,373,130
USC00368596,PA,396,127
USC00368692,PA,393,134
USC00368758,PA,390,125
USC00368888,PA,360,132
USC00369050,PA,360,118
USC00369367,PA,356,118
USC00369823,PA,369,119
USC00369933,PA,384,118
USC00374266,RI,425,130
USC00375270,RI,424,133
USC00379423,RI,426,134
USC00380126,SC,347, 63
USC00380506,SC,345, 70
USC00381093,SC,365, 67
USC00381462,SC,350, 77
USC00381530,SC,342, 72
USC00381588,SC,358, 76
USC00381633,SC,348, 76
USC00381770,SC,335, 76
USC00381804,SC,337, 79
USC00381944,SC,349, 70
USC00382712,SC,342, 69
USC00382757,SC,359, 71
USC00383216,SC,349, 79
USC00383356,SC,345, 79
USC00383433,SC,345, 80
USC00383700,SC,350, 75
USC00385017,SC,341, 74
USC00385200,SC,346, 72
USC00385232,SC,346, 77
USC00386527,SC,351, 66
USC00386616,SC,355, 77
USC00386775,SC,347, 69
USC00386831,SC,336, 78
USC00387631,SC,343, 70
USC00387666,SC,351, 72
USC00387722,SC,345, 76
USC00388188,SC,342, 78
USC00388440,SC,355, 70
USC00388887,SC,333, 76
USC00389327,SC,349, 73
USC00389350,SC,349, 78
USC00390043,SD,205,146
USC00390128,SD,215,148
USC00391102,SD,218,155
USC00391294,SD,166,163
USC00391579,SD,222,143
USC00391621,SD,203,148
USC00391739,SD,216,158
USC00391851,SD,222,149
USC00391873,SD,211,164
USC00391972,SD,183,150
USC00392429,SD,185,159
USC00392468,SD,188,158
USC00392557,SD,166,145
USC00392647,SD,178,153
USC00392852,SD,181,159
USC00392927,SD,204,159
USC00392984,SD,225,151
USC00393069,SD,170,154
USC00393076,SD,192,152
USC00393560,SD,167,161
USC00393775,SD,172,149
USC00393868,SD,169,150
USC00394007,SD,170,146
USC00394206,SD,205,162
USC00394254,SD,215,153
USC00394516,SD,199,150
USC00394596,SD,187,155
USC00394834,SD,167,153
USC00395228,SD,219,146
USC00395381,SD,187,165
USC00395481,SD,217,144
USC00395544,SD,185,155
USC00395620,SD,192,145
USC00395638,SD,193,143
USC00395870,SD,170,150
USC00396212,SD,172,144
USC00396292,SD,196,156
USC00396335,SD,205,158
USC00396427,SD,170,151
USC00396669,SD,207,146
USC00396712,SD,195,166
USC00397007,SD,214,158
USC00397062,SD,171,162
USC00397545,SD,197,163
USC00398307,SD,189,162
USC00398472,SD,215,142
USC00398767,SD,211,143
USC00398980,SD,219,162
USC00399070,SD,209,151
USC00399337,SD,223,162
USC00399367,SD,199,145
USC00400081,TN,319, 90
USC00400137,TN,284, 79
USC00400284,TN,321, 82
USC00400876,TN,286, 81
USC00401145,TN,283, 83
USC00401790,TN,299, 91
USC00401808,TN,319, 80
USC00402009,TN,313, 87
USC00402108,TN,280, 83
USC00402202,TN,316, 87
USC00402360,TN,318, 82
USC00402600,TN,288, 89
USC00402934,TN,338, 88
USC00403280,TN,303, 86
USC00403679,TN,335, 87
USC00404417,TN,290, 87
USC00404561,TN,287, 83
USC00404590,TN,318, 90
USC00404858,TN,337, 91
USC00404871,TN,321, 85
USC00404946,TN,326, 86
USC00405118,TN,307, 89
USC00405187,TN,303, 82
USC00405681,TN,287, 89
USC00405882,TN,311, 84
USC00406162,TN,311, 80
USC00406170,TN,315, 88
USC00406371,TN,307, 86
USC00406435,TN,302, 84
USC00406493,TN,324, 91
USC00406534,TN,332, 86
USC00406803,TN,304, 89
USC00407184,TN,316, 83
USC00407459,TN,301, 80
USC00407834,TN,320, 85
USC00408160,TN,289, 80
USC00408405,TN,311, 86
USC00408562,TN,303, 90
USC00408868,TN,329, 90
USC00409155,TN,308, 81
USC00409219,TN,285, 90
USC00409866,TN,309, 85
USC00410190,TX,236, 51
USC00410225,TX,189, 34
USC00410235,TX,240, 37
USC00410246,TX,215, 45
USC00410257,TX,234, 32
USC00410271,TX,211, 66
USC00410337,TX,221, 61
USC00410394,TX,196, 64
USC00410404,TX,231, 56
USC00410518,TX,224, 57
USC00410586,TX,238, 38
USC00410611,TX,245, 39
USC00410613,TX,243, 39
USC00410691,TX,218, 60
USC00410738,TX,213, 45
USC00410832,TX,210, 39
USC00410902,TX,208, 37
USC00410944,TX,193, 90
USC00410958,TX,186, 84
USC00411000,TX,179, 83
USC00411017,TX,203, 48
USC00411035,TX,212, 60
USC00411045,TX,224, 48
USC00411048,TX,226, 40
USC00411089,TX,243, 49
USC00411128,TX,179, 64
USC00411215,TX,210, 36
USC00411239,TX,204, 54
USC00411250,TX,212, 45
USC00411314,TX,224, 43
USC00411337,TX,211, 26
USC00411416,TX,160, 40
USC00411429,TX,212, 37
USC00411486,TX,199, 26
USC00411500,TX,243, 56
USC00411524,TX,169, 32
USC00411541,TX,218, 39
USC00411578,TX,244, 53
USC00411580,TX,210, 50
USC00411596,TX,230, 49
USC00411625,TX,214, 56
USC00411663,TX,208, 30
USC00411715,TX,171, 33
USC00411720,TX,211, 26
USC00411772,TX,237, 67
USC00411800,TX,218, 57
USC00411810,TX,237, 41
USC00411875,TX,202, 53
USC00411911,TX,225, 36
USC00411946,TX,180, 88
USC00411956,TX,234, 41
USC00411974,TX,187, 51
USC00411990,TX,214, 48
USC00412019,TX,226, 55
USC00412096,TX,217, 59
USC00412114,TX,234, 49
USC00412121,TX,188, 68
USC00412160,TX,199, 28
USC00412218,TX,231, 42
USC00412225,TX,240, 62
USC00412266,TX,228, 31
USC00412334,TX,217, 65
USC00412404,TX,221, 64
USC00412444,TX,235, 54
USC00412464,TX,179, 75
USC00412621,TX,193, 69
USC00412633,TX,206, 69
USC00412679,TX,194, 29
USC00412820,TX,219, 41
USC00412824,TX,196, 26
USC00413060,TX,204, 11
USC00413065,TX,213, 30
USC00413133,TX,224, 59
USC00413183,TX,221, 36
USC00413201,TX,212, 32
USC00413214,TX,187, 70
USC00413215,TX,188, 70
USC00413247,TX,217, 66
USC00413321,TX,226, 47
USC00413329,TX,206, 40
USC00413340,TX,234, 30
USC00413368,TX,176, 76
USC00413370,TX,223, 64
USC00413508,TX,213, 25
USC00413525,TX,223, 40
USC00413546,TX,237, 60
USC00413605,TX,208, 41
USC00413614,TX,209, 50
USC00413618,TX,218, 28
USC00413622,TX,218, 35
USC00413685,TX,218, 44
USC00413686,TX,219, 44
USC00413691,TX,221, 62
USC00413787,TX,186, 89
USC00413828,TX,195, 68
USC00413873,TX,222, 34
USC00413943,TX,216,  8
USC00413954,TX,203, 41
USC00414058,TX,208, 17
USC00414081,TX,239, 56
USC00414137,TX,213, 54
USC00414140,TX,197, 87
USC00414182,TX,221, 55
USC00414257,TX,230, 67
USC00414313,TX,232, 37
USC00414315,TX,236, 36
USC00414327,TX,233, 37
USC00414382,TX,233, 44
USC00414390,TX,216, 52
USC00414402,TX,209, 41
USC00414556,TX,217, 45
USC00414563,TX,245, 46
USC00414575,TX,219, 37
USC00414605,TX,210, 41
USC00414647,TX,209, 30
USC00414705,TX,227, 59
USC00414782,TX,205, 39
USC00414903,TX,222, 38
USC00414920,TX,199, 30
USC00414950,TX,167, 33
USC00414982,TX,204, 69
USC00415013,TX,182, 60
USC00415018,TX,212, 47
USC00415048,TX,185, 37
USC00415060,TX,202, 19
USC00415094,TX,226, 63
USC00415097,TX,199, 56
USC00415158,TX,182, 57
USC00415183,TX,178, 67
USC00415193,TX,221, 42
USC00415196,TX,239, 39
USC00415271,TX,238, 44
USC00415272,TX,208, 44
USC00415415,TX,238, 50
USC00415429,TX,216, 36
USC00415477,TX,230, 46
USC00415618,TX,243, 59
USC00415659,TX,230, 28
USC00415661,TX,215, 23
USC00415757,TX,218, 50
USC00415822,TX,199, 46
USC00415836,TX,214,  7
USC00415904,TX,232, 47
USC00416060,TX,212, 58
USC00416074,TX,175, 68
USC00416104,TX,165, 44
USC00416108,TX,237, 64
USC00416119,TX,236, 64
USC00416130,TX,218, 68
USC00416137,TX,175, 70
USC00416177,TX,240, 51
USC00416276,TX,213, 36
USC00416280,TX,236, 40
USC00416367,TX,210, 47
USC00416433,TX,193, 73
USC00416477,TX,193, 87
USC00416495,TX,195, 55
USC00416496,TX,231, 51
USC00416502,TX,179, 54
USC00416664,TX,248, 39
USC00416742,TX,195, 69
USC00416766,TX,211, 61
USC00416776,TX,190, 83
USC00416785,TX,187, 82
USC00416952,TX,192, 87
USC00417040,TX,246, 48
USC00417079,TX,184, 72
USC00417172,TX,246, 38
USC00417184,TX,218, 11
USC00417215,TX,209, 31
USC00417300,TX,210, 54
USC00417327,TX,204, 57
USC00417388,TX,216, 57
USC00417588,TX,224, 62
USC00417593,TX,206, 49
USC00417594,TX,231, 35
USC00417659,TX,220, 63
USC00417677,TX,216, 21
USC00417685,TX,221, 44
USC00417704,TX,221, 23
USC00417707,TX,226, 62
USC00417773,TX,226, 58
USC00417791,TX,216, 43
USC00417836,TX,216, 29
USC00417841,TX,236, 53
USC00417873,TX,202, 33
USC00417936,TX,245, 47
USC00418022,TX,178, 40
USC00418081,TX,216, 16
USC00418126,TX,223, 36
USC00418201,TX,176, 60
USC00418252,TX,183, 44
USC00418274,TX,224, 68
USC00418323,TX,187, 74
USC00418326,TX,201, 54
USC00418373,TX,184, 66
USC00418446,TX,225, 41
USC00418519,TX,224, 33
USC00418531,TX,212, 42
USC00418544,TX,210, 37
USC00418658,TX,214, 33
USC00418696,TX,210, 60
USC00418743,TX,232, 64
USC00418818,TX,183, 64
USC00418863,TX,206, 46
USC00418877,TX,207, 42
USC00418929,TX,227, 60
USC00418942,TX,245, 66
USC00419001,TX,220, 43
USC00419004,TX,225, 50
USC00419076,TX,233, 39
USC00419088,TX,149, 50
USC00419099,TX,210, 46
USC00419153,TX,219, 48
USC00419175,TX,183, 75
USC00419191,TX,190, 74
USC00419224,TX,181, 78
USC00419275,TX,160, 43
USC00419491,TX,228, 41
USC00419501,TX,192, 53
USC00419504,TX,213, 46
USC00419532,TX,215, 60
USC00419565,TX,196, 77
USC00419715,TX,219, 53
USC00419717,TX,211, 28
USC00419800,TX,229, 60
USC00419836,TX,235, 62
USC00419859,TX,229, 65
USC00419916,TX,244, 65
USC00419952,TX,220, 33
USC00419953,TX,217, 30
USC00420086,UT, 98, 98
USC00420738,UT,122, 99
USC00420788,UT,121, 97
USC00420820,UT,102,125
USC00420849,UT,106,102
USC00421214,UT,109,112
USC00421918,UT,101,133
USC00422101,UT, 96,113
USC00422385,UT,106,126
USC00422578,UT,105,113
USC00422592,UT,105,101
USC00422798,UT,108,111
USC00422828,UT, 99,110
USC00423776,UT, 98,100
USC00423809,UT,106,122
USC00424135,UT,104,128
USC00424342,UT,123,121
USC00424508,UT, 97, 95
USC00424755,UT,102, 99
USC00424856,UT,107,133
USC00424968,UT, 91, 96
USC00425402,UT,104,113
USC00425582,UT,119, 96
USC00425723,UT, 94,104
USC00425733,UT,121,107
USC00425805,UT,123,101
USC00426135,UT,103,116
USC00426919,UT,104,121
USC00427064,UT,104,120
USC00427260,UT,101,109
USC00427271,UT,103,134
USC00428119,UT,105,119
USC00428771,UT, 99,123
USC00429133,UT, 98,119
USC00429165,UT,106,125
USC00429368,UT,112,115
USC00429595,UT,108,131
USC00429717,UT, 94, 96
USC00430661,VT,416,150
USC00431243,VT,417,146
USC00431433,VT,414,148
USC00435416,VT,415,155
USC00435542,VT,420,158
USC00436995,VT,414,148
USC00437098,VT,413,150
USC00437607,VT,412,156
USC00440327,VA,378,101
USC00440766,VA,354, 96
USC00440792,VA,349, 95
USC00441136,VA,369, 99
USC00441209,VA,347, 95
USC00441593,VA,369,103
USC00441614,VA,362, 93
USC00441955,VA,366, 97
USC00441999,VA,356, 95
USC00442044,VA,358,101
USC00442064,VA,362,103
USC00442208,VA,366,106
USC00442245,VA,362, 91
USC00442790,VA,377, 92
USC00443310,VA,358,102
USC00443375,VA,362, 99
USC00443470,VA,361,102
USC00443640,VA,341, 97
USC00444044,VA,383, 92
USC00444148,VA,361, 96
USC00444414,VA,371, 91
USC00444565,VA,361,101
USC00444568,VA,370, 95
USC00444676,VA,356, 96
USC00445050,VA,373,103
USC00445453,VA,354, 92
USC00445595,VA,360,105
USC00446475,VA,391, 99
USC00446491,VA,371,101
USC00446712,VA,373,104
USC00446906,VA,374, 99
USC00446955,VA,351, 95
USC00447925,VA,366, 92
USC00448022,VA,352, 97
USC00448062,VA,365,104
USC00448084,VA,378,110
USC00448192,VA,385, 92
USC00448547,VA,346, 92
USC00448600,VA,366,100
USC00448829,VA,381,100
USC00448894,VA,383,102
USC00449025,VA,383, 99
USC00449151,VA,384, 97
USC00449181,VA,372,112
USC00449213,VA,376, 97
USC00449215,VA,337, 94
USC00449301,VA,349, 94
USC00450008,WA,  7,174
USC00450257,WA, 20,184
USC00450294,WA, 60,168
USC00450482,WA, 17,165
USC00450729,WA, 15,190
USC00450844,WA, 59,190
USC00450945,WA, 21,176
USC00451233,WA, 23,178
USC00451276,WA, 14,172
USC00451400,WA, 40,182
USC00451414,WA, 15,182
USC00451679,WA, 24,187
USC00451691,WA, 47,171
USC00451939,WA, 12,177
USC00452157,WA, 28,188
USC00452531,WA, 10,175
USC00452914,WA,  3,182
USC00453320,WA,  5,173
USC00453515,WA, 52,178
USC00453883,WA, 46,168
USC00454154,WA, 45,168
USC00454486,WA, 22,178
USC00454748,WA,  5,169
USC00454769,WA, 14,168
USC00455110,WA, 17,171
USC00455133,WA, 34,187
USC00455224,WA, 19,176
USC00455305,WA, 17,166
USC00455525,WA, 22,181
USC00455688,WA, 36,171
USC00455774,WA,  7,169
USC00455840,WA, 28,188
USC00455946,WA, 55,189
USC00456039,WA, 48,177
USC00456096,WA, 16,188
USC00456262,WA, 24,171
USC00456295,WA, 23,177
USC00456534,WA, 32,181
USC00456914,WA,  8,172
USC00457015,WA, 43,169
USC00457059,WA, 51,175
USC00457185,WA, 29,188
USC00457507,WA, 20,186
USC00457544,WA, 13,183
USC00457773,WA, 23,179
USC00458059,WA, 32,185
USC00458278,WA, 18,176
USC00458715,WA, 24,188
USC00459021,WA, 16,177
USC00459376,WA, 36,186
USC00460094,WV,360,114
USC00460102,WV,352,100
USC00460939,WV,350,100
USC00461075,WV,340,104
USC00461215,WV,356,104
USC00461282,WV,353,109
USC00461677,WV,355,113
USC00462920,WV,356,114
USC00463361,WV,351,108
USC00463464,WV,360,109
USC00463544,WV,351,110
USC00463798,WV,354,107
USC00463846,WV,341,105
USC00465002,WV,359,116
USC00465224,WV,354,101
USC00465563,WV,343,103
USC00465600,WV,342,100
USC00467018,WV,352,120
USC00467029,WV,345, 99
USC00467287,WV,342,110
USC00468384,WV,347,109
USC00468777,WV,361,114
USC00469011,WV,353, 99
USC00469281,WV,369,111
USC00469522,WV,355,101
USC00470124,WI,262,153
USC00470175,WI,259,161
USC00470265,WI,290,153
USC00470486,WI,258,158
USC00470645,WI,287,146
USC00470696,WI,285,139
USC00470882,WI,268,153
USC00470892,WI,279,141
USC00470904,WI,266,159
USC00471064,WI,293,152
USC00471078,WI,282,139
USC00471568,WI,292,151
USC00471667,WI,286,139
USC00471978,WI,259,167
USC00472314,WI,283,166
USC00472447,WI,279,156
USC00472556,WI,258,156
USC00472869,WI,287,142
USC00472996,WI,267,151
USC00473038,WI,268,147
USC00473182,WI,277,160
USC00473186,WI,263,168
USC00473453,WI,290,145
USC00473654,WI,275,148
USC00473756,WI,288,146
USC00474080,WI,272,161
USC00474383,WI,285,167
USC00474546,WI,271,141
USC00474582,WI,287,163
USC00474894,WI,258,163
USC00474937,WI,269,144
USC00475120,WI,276,156
USC00475255,WI,275,160
USC00475335,WI,262,157
USC00475364,WI,280,160
USC00475516,WI,280,166
USC00475573,WI,280,139
USC00475581,WI,283,149
USC00475786,WI,277,151
USC00476200,WI,289,143
USC00476280,WI,273,148
USC00476518,WI,285,167
USC00476646,WI,274,140
USC00476678,WI,294,148
USC00476718,WI,282,147
USC00476827,WI,268,143
USC00477113,WI,282,163
USC00477132,WI,263,162
USC00477158,WI,274,145
USC00477480,WI,282,166
USC00477708,WI,289,157
USC00478171,WI,281,155
USC00478241,WI,277,157
USC00478267,WI,299,158
USC00478349,WI,261,172
USC00478672,WI,297,152
USC00478723,WI,293,140
USC00478919,WI,288,144
USC00480540,WY,133,154
USC00480552,WY,146,140
USC00480740,WY,144,151
USC00481730,WY,159,133
USC00481775,WY,124,158
USC00481840,WY,125,155
USC00481855,WY,122,153
USC00482580,WY,157,151
USC00483855,WY,154,153
USC00484442,WY,156,128
USC00485260,WY,164,132
USC00485506,WY,147,157
USC00485525,WY,143,136
USC00485770,WY,130,157
USC00486440,WY,113,149
USC00486555,WY,115,129
USC00486660,WY,164,149
USC00487200,WY,162,132
USC00487473,WY,134,152
USC00487555,WY,163,144
USC00487760,WY,131,143
USC00488160,WY,143,157
USC00488705,WY,163,154
USC00489615,WY,158,135
USC00489770,WY,134,151
USW00003103,AZ,104, 80
USW00003122,CA, 51, 69
USW00003125,AZ, 82, 61
USW00003159,CA, 52, 76
USW00003164,CA, 66, 59
USW00003810,NC,346, 84
USW00003811,TN,286, 83
USW00003812,NC,337, 82
USW00003813,GA,328, 60
USW00003816,KY,287, 95
USW00003820,GA,342, 65
USW00003822,GA,348, 56
USW00003841,TN,324, 87
USW00003847,TN,317, 86
USW00003856,AL,303, 76
USW00003859,WV,348, 97
USW00003860,WV,337,105
USW00003870,SC,340, 78
USW00003872,WV,349,101
USW00003881,AL,300, 61
USW00003889,KY,331, 99
USW00003904,TX,227, 43
USW00003927,TX,221, 62
USW00003928,KS,218,100
USW00003935,MO,281, 96
USW00003937,LA,252, 40
USW00003940,MS,277, 57
USW00003945,MO,260,109
USW00003947,MO,240,113
USW00003951,TX,240, 57
USW00003952,AR,259, 77
USW00003969,TX,212, 56
USW00004725,NY,390,136
USW00012815,FL,347, 26
USW00012816,FL,339, 36
USW00012832,FL,317, 37
USW00012834,FL,349, 32
USW00012835,FL,343, 11
USW00012836,FL,349,  0
USW00012838,FL,352, 23
USW00012839,FL,355,  5
USW00012842,FL,338, 22
USW00012843,FL,354, 20
USW00012844,FL,357, 12
USW00012912,TX,222, 29
USW00012916,LA,275, 38
USW00012917,TX,245, 38
USW00012918,TX,235, 36
USW00012919,TX,218,  6
USW00012921,TX,210, 35
USW00012924,TX,217, 21
USW00012928,TX,215, 19
USW00012935,TX,227, 28
USW00012960,TX,235, 38
USW00013722,NC,367, 86
USW00013723,NC,358, 87
USW00013724,NJ,402,114
USW00013729,WV,359,110
USW00013733,VA,364, 97
USW00013734,WV,374,114
USW00013735,NJ,397,113
USW00013736,WV,358,116
USW00013737,VA,388, 93
USW00013739,PA,396,117
USW00013740,VA,379, 99
USW00013741,VA,358, 97
USW00013743,VA,381,109
USW00013744,SC,360, 72
USW00013748,NC,374, 73
USW00013781,DE,393,116
USW00013782,SC,358, 61
USW00013802,IL,279,107
USW00013865,MS,288, 57
USW00013866,WV,345,106
USW00013867,WV,345,113
USW00013870,GA,337, 51
USW00013871,AL,311, 67
USW00013872,NC,337, 83
USW00013873,GA,331, 70
USW00013874,GA,322, 68
USW00013876,AL,304, 67
USW00013877,TN,338, 90
USW00013878,GA,346, 48
USW00013880,SC,357, 62
USW00013881,NC,350, 80
USW00013882,TN,316, 79
USW00013883,SC,349, 70
USW00013889,FL,344, 42
USW00013891,TN,326, 85
USW00013893,TN,278, 79
USW00013894,AL,292, 44
USW00013895,AL,306, 57
USW00013897,TN,304, 87
USW00013899,FL,300, 42
USW00013942,LA,261, 59
USW00013957,LA,247, 58
USW00013958,TX,215, 41
USW00013959,TX,220, 51
USW00013960,TX,223, 61
USW00013962,TX,200, 58
USW00013963,AR,260, 76
USW00013964,AR,243, 81
USW00013966,TX,210, 70
USW00013967,OK,217, 82
USW00013968,OK,230, 88
USW00013969,OK,221, 92
USW00013970,LA,268, 43
USW00013975,OK,199, 89
USW00013976,LA,262, 40
USW00013978,MS,277, 66
USW00013980,KS,213, 96
USW00013984,KS,216,115
USW00013987,MO,241, 96
USW00013988,MO,241,111
USW00013994,MO,275,109
USW00013995,MO,250, 96
USW00013996,KS,232,111
USW00014605,ME,439,153
USW00014607,ME,453,173
USW00014609,ME,455,167
USW00014732,NY,406,125
USW00014733,NY,368,142
USW00014734,NJ,404,124
USW00014735,NY,407,140
USW00014736,PA,371,121
USW00014737,PA,394,124
USW00014739,MA,429,137
USW00014740,CT,416,134
USW00014742,VT,412,154
USW00014743,NY,397,155
USW00014745,NH,425,144
USW00014750,NY,409,145
USW00014753,MA,429,136
USW00014755,NH,427,153
USW00014764,ME,435,148
USW00014765,RI,426,132
USW00014768,NY,376,143
USW00014771,NY,389,143
USW00014777,PA,392,129
USW00014778,PA,382,128
USW00014819,IL,295,133
USW00014820,OH,343,130
USW00014821,OH,334,118
USW00014825,OH,328,127
USW00014826,MI,328,142
USW00014827,IN,316,126
USW00014833,MI,322,137
USW00014836,MI,321,141
USW00014837,WI,283,144
USW00014839,WI,294,142
USW00014840,MI,308,144
USW00014841,MI,319,163
USW00014842,IL,280,124
USW00014847,MI,323,170
USW00014848,IN,307,132
USW00014852,OH,352,129
USW00014860,PA,356,135
USW00014891,OH,337,125
USW00014895,OH,346,126
USW00014897,WI,280,158
USW00014898,WI,293,154
USW00014913,MN,260,173
USW00014914,ND,223,174
USW00014916,ND,220,182
USW00014918,MN,250,187
USW00014919,ND,208,174
USW00014920,WI,267,150
USW00014922,MN,252,158
USW00014923,IL,273,130
USW00014924,ND,220,190
USW00014925,MN,258,150
USW00014926,MN,245,163
USW00014929,SD,210,162
USW00014933,IA,248,131
USW00014935,NE,211,126
USW00014936,SD,212,154
USW00014939,NE,224,125
USW00014940,IA,251,144
USW00014941,NE,218,134
USW00014942,NE,230,129
USW00014943,IA,226,138
USW00014944,SD,224,147
USW00014946,SD,220,158
USW00014950,IA,258,127
USW00014991,WI,266,157
USW00014992,MN,237,155
USW00014995,WI,256,165
USW00022010,TX,190, 34
USW00023007,TX,195, 74
USW00023009,NM,161, 65
USW00023023,TX,180, 54
USW00023034,TX,194, 49
USW00023040,TX,172, 53
USW00023041,TX,186, 56
USW00023042,TX,183, 68
USW00023044,TX,146, 53
USW00023047,TX,184, 80
USW00023050,NM,145, 79
USW00023061,CO,151, 98
USW00023062,CO,159,117
USW00023065,KS,184,113
USW00023066,CO,129,112
USW00023070,CO,163, 97
USW00023072,TX,190, 78
USW00023081,NM,127, 83
USW00023129,CA, 52, 69
USW00023152,CA, 51, 72
USW00023153,NV, 61,103
USW00023154,NV, 79,113
USW00023155,CA, 45, 82
USW00023157,CA, 51, 97
USW00023158,CA, 80, 67
USW00023160,AZ,110, 56
USW00023161,CA, 63, 77
USW00023162,UT, 97,113
USW00023169,NV, 76, 87
USW00023170,UT,112,105
USW00023174,CA, 50, 70
USW00023183,AZ,101, 66
USW00023185,NV, 39,114
USW00023188,CA, 60, 60
USW00023194,AZ,112, 79
USW00023232,CA, 26,107
USW00023233,CA, 25, 92
USW00023234,CA, 19, 99
USW00023237,CA, 28,102
USW00023258,CA, 30, 99
USW00023271,CA, 26,107
USW00023272,CA, 18,101
USW00023273,CA, 34, 78
USW00024011,ND,191,173
USW00024012,ND,175,173
USW00024013,ND,187,185
USW00024018,WY,159,128
USW00024020,NE,189,123
USW00024021,WY,128,141
USW00024022,WY,152,129
USW00024023,NE,192,127
USW00024025,SD,195,154
USW00024027,WY,125,131
USW00024028,NE,169,133
USW00024029,WY,142,157
USW00024032,NE,193,142
USW00024033,MT,129,165
USW00024036,MT,122,175
USW00024037,MT,150,170
USW00024057,WY,140,133
USW00024062,WY,134,150
USW00024089,WY,146,142
USW00024090,SD,173,151
USW00024119,NV, 62,123
USW00024120,UT,106,126
USW00024121,NV, 71,125
USW00024127,UT,102,125
USW00024128,NV, 55,126
USW00024130,OR, 55,157
USW00024131,ID, 68,147
USW00024133,ID, 87,139
USW00024135,MT, 97,166
USW00024137,MT, 98,187
USW00024139,MT, 92,172
USW00024141,WA, 41,177
USW00024143,MT,106,178
USW00024144,MT,102,171
USW00024149,ID, 61,169
USW00024150,MT,114,164
USW00024153,MT, 85,174
USW00024155,OR, 47,164
USW00024156,ID, 97,142
USW00024157,WA, 57,179
USW00024213,CA,  4,125
USW00024219,WA, 28,163
USW00024221,OR, 12,152
USW00024225,OR, 15,138
USW00024227,WA, 14,174
USW00024229,OR, 17,163
USW00024232,OR, 13,158
USW00024233,WA, 19,178
USW00024243,WA, 33,171
USW00024284,OR,  4,146
USW00053919,AR,263, 68
USW00054742,VT,421,154
USW00092806,FL,336, 21
USW00092811,FL,356,  5
USW00093026,AZ,121, 50
USW00093033,NM,163, 57
USW00093037,CO,160,109
USW00093042,TX,177, 87
USW00093057,NM,134, 80
USW00093058,CO,162,105
USW00093129,UT, 93,100
USW00093134,CA, 52, 71
USW00093193,CA, 40, 93
USW00093209,CA, 32, 84
USW00093720,MD,393,105
USW00093721,MD,384,112
USW00093729,NC,389, 82
USW00093730,NJ,401,114
USW00093738,VA,378,110
USW00093739,VA,394,102
USW00093805,FL,323, 42
USW00093808,KY,306, 94
USW00093812,OH,322,111
USW00093814,KY,320,111
USW00093815,OH,324,118
USW00093817,IN,297,103
USW00093819,IN,307,116
USW00093820,KY,321,103
USW00093821,KY,312,104
USW00093822,IL,280,117
USW00093824,OH,342,118
USW00093842,GA,318, 59
USW00093846,SC,336, 74
USW00093862,MS,287, 73
USW00093914,TX,233, 53
USW00093919,MS,274, 48
USW00093986,OK,205, 78
USW00093987,TX,239, 48
USW00093989,IL,268,118
USW00093992,AR,255, 64
USW00094008,MT,145,184
USW00094012,MT,119,187
USW00094014,ND,168,184
USW00094030,UT,121,122
USW00094040,NE,193,120
USW00094185,OR, 46,147
USW00094224,OR,  6,168
USW00094225,WA,  6,174
USW00094239,WA, 36,178
USW00094240,WA,  1,182
USW00094702,CT,412,128
USW00094705,VT,417,152
USW00094725,NY,399,158
USW00094728,NY,406,125
USW00094746,MA,423,137
USW00094789,NY,407,124
USW00094790,NY,389,150
USW00094814,MI,320,153
USW00094822,IL,285,136
USW00094823,PA,356,122
USW00094830,OH,327,131
USW00094846,IL,294,134
USW00094847,MI,331,136
USW00094849,MI,329,159
USW00094850,MI,297,171
USW00094860,MI,313,142
USW00094871,MI,306,135
USW00094908,IA,272,138
USW00094910,IA,258,139
USW00094911,SD,219,142
USW00094931,MN,255,178
USW00094957,NE,233,119
